Gintama,,https://cdn.myanimelist.net/images/anime/10/73274.jpg, TV,201, Finished Airing," Apr 4, 2006 to Mar 25, 2010"," TV Tokyo, Aniplex, Dentsu, Trinity Sound, Audio Highs, Miracle Robo, Shueisha", Sunrise,," ActionAction, ComedyComedy, Sci-FiSci-Fi", 24 min. per ep., PG-13 - Teens 13 or older,,372149,17,#138,"995,333","56,548","Edo is a city that was home to the vigor and ambition of samurai across the country. However, following feudal Japan's surrender to powerful aliens known as the ""Amanto,"" those aspirations now seem unachievable. With the once-influential shogunate rebuilt as a puppet government, a new law is passed that promptly prohibits all swords in public. Enter Gintoki Sakata, an eccentric silver-haired man who always carries around a wooden sword and maintains his stature as a samurai despite the ban. As the founder of Yorozuya, a small business for odd jobs, Gintoki often embarks on endeavors to help other people?though usually in rather strange and unforeseen ways. Assisted by Shinpachi Shimura, a boy with glasses supposedly learning the way of the samurai; Kagura, a tomboyish girl with superhuman strength and an endless appetite; and Sadaharu, their giant pet dog who loves biting on people's heads, the Yorozuya encounter anything from alien royalty to scuffles with local gangs in the ever-changing world of Edo."
Steins;Gate,,https://cdn.myanimelist.net/images/anime/1935/127974.jpg, TV,24, Finished Airing," Apr 6, 2011 to Sep 14, 2011"," Frontier Works, Media Factory, Movic, AT-X, Kadokawa Pictures Japan, Nitroplus", White Fox,," DramaDrama, Sci-FiSci-Fi, SuspenseSuspense", 24 min. per ep., PG-13 - Teens 13 or older,,1296710,4,#13,"2,362,889","178,424","Eccentric scientist Rintarou Okabe has a never-ending thirst for scientific exploration. Together with his ditzy but well-meaning friend Mayuri Shiina and his roommate Itaru Hashida, Rintarou founds the Future Gadget Laboratory in the hopes of creating technological innovations that baffle the human psyche. Despite claims of grandeur, the only notable ""gadget"" the trio have created is a microwave that has the mystifying power to turn bananas into green goo. However, when Rintarou decides to attend neuroscientist Kurisu Makise's conference on time travel, he experiences a series of strange events that lead him to believe that there is more to the ""Phone Microwave"" gadget than meets the eye. Apparently able to send text messages into the past using the microwave, Rintarou dabbles further with the ""time machine,"" attracting the ire and attention of the mysterious organization SERN. Due to the novel discovery, Rintarou and his friends find themselves in an ever-present danger. As he works to mitigate the damage his invention has caused to the timeline, he is not only fighting a battle to save his loved ones, but also one against his degrading sanity."
Mushishi Zoku Shou 2nd Season,Mushi-shi: Next Passage Part 2,https://cdn.myanimelist.net/images/anime/9/68095.jpg, TV,10, Finished Airing," Oct 19, 2014 to Dec 21, 2014"," Aniplex, Kodansha, Delfi Sound", Artland,," AdventureAdventure, FantasyFantasy, MysteryMystery, Slice of LifeSlice of Life, SupernaturalSupernatural", 23 min. per ep., PG-13 - Teens 13 or older,,98604,42,#863,"247,882","1,366","Ghostly, primordial beings known as Mushi continue to cause mysterious changes in the lives of humans. The travelling Mushishi, Ginko, persists in trying to set right the strange and unsettling situations he encounters. Time loops, living shadows, and telepathy are among the overt effects of interference from Mushi, but more subtle symptoms that take years to be noticed also rouse Ginko's concern as he passes from village to village. Through circumstance, Ginko has become an arbiter, determining which Mushi are blessings and which are curses. But the lines that he seeks to draw are subjective. Some of his patients would rather exercise their new powers until they are utterly consumed by them; others desperately strive to rid themselves of afflictions which are in fact protecting their lives from devastation. Those who cross paths with Mushi must learn to accept seemingly impossible consequences for their actions, and heal wounds they did not know they had. Otherwise, they risk meeting with fates beyond their comprehension."
Kingdom 4th Season,Kingdom: Season 4,https://cdn.myanimelist.net/images/anime/1566/122794.jpg, TV,26, Finished Airing," Apr 10, 2022 to Oct 2, 2022"," Avex Pictures, Shueisha, NHK Enterprises"," Pierrot, Studio Signpost",,ActionAction, 24 min. per ep., R - 17+ (violence & profanity),,17497,38,#2881,"47,700",879,"Following the conclusion of the large-scale coalition campaign, the entirety of China is in a state of economic recovery. The victor of the battle, the state of Qin, is no different. There, the political parties led by Ying Zheng and Buwei Lü continue their inner conflict. Having played the role of king in the coalition battle, Zheng has the trust of the people?but Lü is far from out of the fight. In 18 months, he plans to interrupt Zheng's coming-of-age ceremony. Meanwhile, a Zhao army numbering 20,000 troops has set out toward Qin. In the royal court, due to the lack of generals capable of responding to the incoming threat, Lü slyly suggests that Zheng take command. However, Cheng Jiao, Zheng's half-brother, volunteers instead. As they grew to trust each other during the coalition battle, Zheng now accepts Jiao as his replacement. However, the Zhao forces retreat a mere half-day after clashing with Jiao's army. With trouble quickly brewing in the shadows, the internal struggle of Qin is only complicated further. There are only two men Zheng feels he can rely on: Bi, a general who commands 30,000 men; and Xin, the leader of the Fei Xin force."
JoJo no Kimyou na Bouken Part 6: Stone Ocean Part 3,JoJo's Bizarre Adventure: Stone Ocean Part 3,https://cdn.myanimelist.net/images/anime/1233/128920.jpg, ONA,14, Finished Airing," Dec 1, 2022"," Warner Bros. Japan, KlockWorx, Medicos Entertainment, Shueisha", David Production,," ActionAction, AdventureAdventure", 24 min. per ep., R - 17+ (violence & profanity),,59771,45,#1868,"98,687","1,704","After finally escaping the confines of Green Dolphin Street Jail, Jolyne Kuujou?alongside her companions Ermes Costello and Emporio Alniño?pursues the villainous priest Enrico Pucci across the state of Florida. Jolyne's allies, Weather Report and Narciso Anasui, struggle to catch up with her in order to help bring an end to Pucci's plot. As both parties pursue the priest, they must battle against Pucci's band of enemy Stand users. While Jolyne's comrades fight for their lives, Pucci races to the Kennedy Space Center. There he hopes to enact his ultimate goal, one he believes God has entrusted to him. He aims to fulfill the will of the Joestars' blood enemy Dio Brando and?by robbing humanity of free will and making them slaves to fate?to create a world where all humans are blissfully happy. Unable to rely on the aid of her comatose father Joutarou, Jolyne must weaponize all she has learned in prison to confront Pucci in a climactic battle while the world itself hangs in the balance."
Sen to Chihiro no Kamikakushi,Spirited Away,https://cdn.myanimelist.net/images/anime/6/79597.jpg, Movie,1, Finished Airing," Jul 20, 2001", Toho, Studio Ghibli,," AdventureAdventure, Award WinningAward Winning, SupernaturalSupernatural", 2 hr. 4 min., PG - Children,,1194838,34,#44,"1,702,483","30,088","Stubborn, spoiled, and naïve, 10-year-old Chihiro Ogino is less than pleased when she and her parents discover an abandoned amusement park on the way to their new house. Cautiously venturing inside, she realizes that there is more to this place than meets the eye, as strange things begin to happen once dusk falls. Ghostly apparitions and food that turns her parents into pigs are just the start?Chihiro has unwittingly crossed over into the spirit world. Now trapped, she must summon the courage to live and work amongst spirits, with the help of the enigmatic Haku and the cast of unique characters she meets along the way. Vivid and intriguing, Sen to Chihiro no Kamikakushi tells the story of Chihiro's journey through an unfamiliar world as she strives to save her parents and return home."
Code Geass: Hangyaku no Lelouch R2,Code Geass: Lelouch of the Rebellion R2,https://cdn.myanimelist.net/images/anime/4/9391.jpg, TV,25, Finished Airing," Apr 6, 2008 to Sep 28, 2008"," Bandai Visual, Mainichi Broadcasting System, Bandai, Bandai Namco Entertainment, Hakuhodo DY Media Partners", Sunrise,," ActionAction, DramaDrama, Sci-FiSci-Fi", 24 min. per ep., R - 17+ (violence & profanity),,1115782,21,#47,"1,650,977","73,196","One year has passed since the Black Rebellion, a failed uprising against the Holy Britannian Empire led by the masked vigilante Zero, who is now missing. At a loss without their revolutionary leader, Area 11's resistance group?the Black Knights?find themselves too powerless to combat the brutality inflicted upon the Elevens by Britannia, which has increased significantly in order to crush any hope of a future revolt. Lelouch Lamperouge, having lost all memory of his double life, is living peacefully alongside his friends as a high school student at Ashford Academy. His former partner C.C., unable to accept this turn of events, takes it upon herself to remind him of his past purpose, hoping that the mastermind Zero will rise once again to finish what he started, in this thrilling conclusion to the series."
Monogatari Series: Second Season,,https://cdn.myanimelist.net/images/anime/1807/121534.jpg, TV,26, Finished Airing," Jul 7, 2013 to Dec 29, 2013"," Aniplex, Kodansha, Cyclone Graphics", Shaft,," ComedyComedy, MysteryMystery, RomanceRomance, SupernaturalSupernatural", 25 min. per ep., R - 17+ (violence & profanity),,339175,36,#287,"633,904","22,824","Apparitions, oddities, and gods continue to manifest around Koyomi Araragi and his close-knit group of friends: Tsubasa Hanekawa, the group's modest genius; Shinobu Oshino, the resident doughnut-loving vampire; athletic deviant Suruga Kanbaru; bite-happy spirit Mayoi Hachikuji; Koyomi's cutesy stalker Nadeko Sengoku; and Hitagi Senjougahara, Koyomi's aloof classmate. Monogatari Series: Second Season revolves around these individuals and their struggle to overcome the darkness that is rapidly approaching. A new semester has begun and with graduation looming over Koyomi, he must quickly decide the paths he will walk, as well as the relationships and friends that he'll save. But as strange events begin to unfold, Koyomi is nowhere to be found, and a vicious tiger apparition has appeared in his absence. Hanekawa has become its target, and she must fend for herself?or bow to the creature's perspective on the feebleness of humanity."
Bleach: Sennen Kessen-hen,Bleach: Thousand-Year Blood War,https://cdn.myanimelist.net/images/anime/1764/126627.jpg, TV,13, Finished Airing," Oct 11, 2022 to Dec 27, 2022"," TV Tokyo, Aniplex, Dentsu, Shueisha", Pierrot,," ActionAction, AdventureAdventure, FantasyFantasy", 24 min. per ep., R - 17+ (violence & profanity),,150465,1,#554,"367,178","14,651","Substitute Soul Reaper Ichigo Kurosaki spends his days fighting against Hollows, dangerous evil spirits that threaten Karakura Town. Ichigo carries out his quest with his closest allies: Orihime Inoue, his childhood friend with a talent for healing; Yasutora Sado, his high school classmate with superhuman strength; and Uryuu Ishida, Ichigo's Quincy rival. Ichigo's vigilante routine is disrupted by the sudden appearance of Asguiaro Ebern, a dangerous Arrancar who heralds the return of Yhwach, an ancient Quincy king. Yhwach seeks to reignite the historic blood feud between Soul Reaper and Quincy, and he sets his sights on erasing both the human world and the Soul Society for good. Yhwach launches a two-pronged invasion into both the Soul Society and Hueco Mundo, the home of Hollows and Arrancar. In retaliation, Ichigo and his friends must fight alongside old allies and enemies alike to end Yhwach's campaign of carnage before the world itself comes to an end."
Hunter x Hunter (2011),Hunter x Hunter,https://cdn.myanimelist.net/images/anime/1337/99013.jpg, TV,148, Finished Airing," Oct 2, 2011 to Sep 24, 2014"," VAP, Nippon Television Network, Shueisha", Madhouse,," ActionAction, AdventureAdventure, FantasyFantasy", 23 min. per ep., PG-13 - Teens 13 or older,,1588307,9,#10,"2,555,612","194,016","Hunters devote themselves to accomplishing hazardous tasks, all from traversing the world's uncharted territories to locating rare items and monsters. Before becoming a Hunter, one must pass the Hunter Examination?a high-risk selection process in which most applicants end up handicapped or worse, deceased. Ambitious participants who challenge the notorious exam carry their own reason. What drives 12-year-old Gon Freecss is finding Ging, his father and a Hunter himself. Believing that he will meet his father by becoming a Hunter, Gon takes the first step to walk the same path. During the Hunter Examination, Gon befriends the medical student Leorio Paladiknight, the vindictive Kurapika, and ex-assassin Killua Zoldyck. While their motives vastly differ from each other, they band together for a common goal and begin to venture into a perilous world."
Gintama.: Shirogane no Tamashii-hen,Gintama.: Silver Soul Arc,https://cdn.myanimelist.net/images/anime/12/89603.jpg, TV,12, Finished Airing," Jan 8, 2018 to Mar 26, 2018"," TV Tokyo, Aniplex, Dentsu, Shueisha", Bandai Namco Pictures,," ActionAction, ComedyComedy, Sci-FiSci-Fi", 24 min. per ep., PG-13 - Teens 13 or older,,94027,28,#1099,"192,040","1,111","After the fierce battle on Rakuyou, the untold past and true goal of the immortal Naraku leader, Utsuro, are finally revealed. By corrupting the Altana reserves of several planets, Utsuro has successfully triggered the intervention of the Tendoshuu?s greatest enemy: the Altana Liberation Army. With Earth as the main battleground in this interplanetary war, Utsuro's master plan to destroy the planet?and himself?is nearly complete. An attack on the O-Edo Central Terminal marks the beginning of the final battle to take back the land of the samurai. With the Yorozuya nowhere in sight, the bakufu all but collapsed, and the Shogun missing, the people are left completely helpless as the Liberation Army begins pillaging Edo in the name of freeing them from the Tendoshuu's rule. Caught in the crossfire between two equally imposing forces, can Gintoki, Kagura, Shinpachi, and the former students of Shouyou Yoshida put aside their differences and unite their allies to protect what they hold dear?"
Koe no Katachi,A Silent Voice,https://cdn.myanimelist.net/images/anime/1122/96435.jpg, Movie,1, Finished Airing," Sep 17, 2016"," Shochiku, Pony Canyon, Kodansha, ABC Animation, Quaras", Kyoto Animation,," Award WinningAward Winning, DramaDrama", 2 hr. 10 min., PG-13 - Teens 13 or older,,1465897,18,#19,"2,109,122","80,779","As a wild youth, elementary school student Shouya Ishida sought to beat boredom in the cruelest ways. When the deaf Shouko Nishimiya transfers into his class, Shouya and the rest of his class thoughtlessly bully her for fun. However, when her mother notifies the school, he is singled out and blamed for everything done to her. With Shouko transferring out of the school, Shouya is left at the mercy of his classmates. He is heartlessly ostracized all throughout elementary and middle school, while teachers turn a blind eye. Now in his third year of high school, Shouya is still plagued by his wrongdoings as a young boy. Sincerely regretting his past actions, he sets out on a journey of redemption: to meet Shouko once more and make amends. Koe no Katachi tells the heartwarming tale of Shouya's reunion with Shouko and his honest attempts to redeem himself, all while being continually haunted by the shadows of his past."
Ginga Eiyuu Densetsu,Legend of the Galactic Heroes,https://cdn.myanimelist.net/images/anime/13/13225.jpg, OVA,110, Finished Airing," Jan 8, 1988 to Mar 17, 1997"," TV Tokyo, Kitty Films, Tokuma Shoten, Tokuma Japan Communications, Wright Staff"," K-Factory, Kitty Film Mitaka Studio",," DramaDrama, Sci-FiSci-Fi", 26 min. per ep., R - 17+ (violence & profanity),,73560,10,#719,"296,054","15,278","The 150-year-long stalemate between the two interstellar superpowers, the Galactic Empire and the Free Planets Alliance, comes to an end when a new generation of leaders arises: the idealistic military genius Reinhard von Lohengramm, and the FPA's reserved historian, Yang Wenli. While Reinhard climbs the ranks of the Empire with the aid of his childhood friend, Siegfried Kircheis, he must fight not only the war, but also the remnants of the crumbling Goldenbaum Dynasty in order to free his sister from the Kaiser and unify humanity under one genuine ruler. Meanwhile, on the other side of the galaxy, Yang?a strong supporter of democratic ideals?has to stand firm in his beliefs, despite the struggles of the FPA, and show his pupil, Julian Mintz, that autocracy is not the solution. As ideologies clash amidst the war's many casualties, the two strategic masterminds must ask themselves what the real reason behind their battle is."
Fruits Basket: The Final,Fruits Basket: The Final Season,https://cdn.myanimelist.net/images/anime/1085/114792.jpg, TV,13, Finished Airing," Apr 6, 2021 to Jun 29, 2021"," TV Tokyo, TV Osaka, Nihon Ad Systems, Hakusensha, Avex Pictures, TMS Music, 8PAN", TMS Entertainment,," DramaDrama, RomanceRomance, SupernaturalSupernatural", 23 min. per ep., PG-13 - Teens 13 or older,,194966,12,#502,"400,626","18,018","Hundreds of years ago, the Chinese Zodiac spirits and their god swore to stay together eternally. United by this promise, the possessed members of the Souma family shall always return to each other under any circumstances. Yet, when these bonds shackle them from freedom, it becomes an undesirable burden?a curse. As head of the clan, Akito is convinced that he shares a special connection with the other Soumas. While he desperately clings to this fantasy, the rest of the family remains isolated and suppressed by the fear of punishment. Tooru Honda, who has grown attached to the Soumas, is determined to break the chains that bind them. Her companionship with the family and her friends encourages her to move forward with lifting the curse. However, due to confounding revelations, she struggles to find the tenacity to continue her endeavors. With time slowly withering away, Tooru contends with an uncertain future in hopes of reaching the tranquility that may lie beyond all this commotion."
Gintama.: Shirogane no Tamashii-hen - Kouhan-sen,Gintama.: Silver Soul Arc - Second Half War,https://cdn.myanimelist.net/images/anime/1776/96566.jpg, TV,14, Finished Airing," Jul 9, 2018 to Oct 8, 2018"," TV Tokyo, Aniplex, Dentsu, Shueisha", Bandai Namco Pictures,," ActionAction, ComedyComedy, Sci-FiSci-Fi", 24 min. per ep., PG-13 - Teens 13 or older,,85863,23,#1182,"177,768",998,"Following the temporary retreat of the Altana Liberation Army from the Kabuki District, the state of the war has seemingly improved. However, as the Oniwaban, Shinsengumi, and residents of the district combat the army's remnants, Edo's greatest inventor Gengai Hiraga is abducted. Responsible for causing the enemy's withdrawal by rendering their weapons useless, Gengai's nanomachine virus is now at risk of being shut down. Meanwhile, a laser capable of obliterating a planet is activated in Earth's orbit on the Liberation Army's mother ship. Another battle ensues when Shinsuke Takasugi and the rest of the Kiheitai arrive on the vessel to stop the weapon from firing. Forced to fight a war on two fronts, the Yorozuya and their allies must prevail on both sides to save Edo and the rest of the world."
Monster,,https://cdn.myanimelist.net/images/anime/10/18793.jpg, TV,74, Finished Airing," Apr 7, 2004 to Sep 28, 2005"," VAP, Shogakukan-Shueisha Productions, Nippon Television Network", Madhouse,," DramaDrama, MysteryMystery, SuspenseSuspense", 24 min. per ep., R+ - Mild Nudity,,337334,25,#149,"945,442","43,372","Dr. Kenzou Tenma, an elite neurosurgeon recently engaged to his hospital director's daughter, is well on his way to ascending the hospital hierarchy. That is until one night, a seemingly small event changes Dr. Tenma's life forever. While preparing to perform surgery on someone, he gets a call from the hospital director telling him to switch patients and instead perform life-saving brain surgery on a famous performer. His fellow doctors, fiancée, and the hospital director applaud his accomplishment; but because of the switch, a poor immigrant worker is dead, causing Dr. Tenma to have a crisis of conscience. So when a similar situation arises, Dr. Tenma stands his ground and chooses to perform surgery on the young boy Johan Liebert instead of the town's mayor. Unfortunately, this choice leads to serious ramifications for Dr. Tenma?losing his social standing being one of them. However, with the mysterious death of the director and two other doctors, Dr. Tenma's position is restored. With no evidence to convict him, he is released and goes on to attain the position of hospital director. Nine years later when Dr. Tenma saves the life of a criminal, his past comes back to haunt him?once again, he comes face to face with the monster he operated on. He must now embark on a quest of pursuit to make amends for the havoc spread by the one he saved."
Shouwa Genroku Rakugo Shinjuu: Sukeroku Futatabi-hen,Descending Stories: Showa Genroku Rakugo Shinju,https://cdn.myanimelist.net/images/anime/1493/124765.jpg, TV,12, Finished Airing," Jan 7, 2017 to Mar 25, 2017"," Mainichi Broadcasting System, Kodansha, DAX Production, King Records", Studio Deen,,DramaDrama, 24 min. per ep., PG-13 - Teens 13 or older,,61376,43,#1195,"176,503","3,035","Even after having risen to the utmost rank of shin'uchi, Yotarou struggles to find his own identity in the world of rakugo. Caught between his master's teachings and the late Sukeroku's unique style, his performance lacks an important ingredient?ego. And while his popularity packs the theaters, he is but one of the few; rakugo is under threat of being eclipsed. Meanwhile Yakumo, regarded by many as the last bastion of preserving the popularity of rakugo, struggles to cope with his elderly state. Even though his performances are still stellar, he fears that he is nearing his limits. His doubts grow stronger as an old friend creeps ever closer. Konatsu, for her part, attempts to raise her son as a single mother, which Yotarou is heavily opposed to. Instead, he seeks to persuade her to marry him and in turn raise her son as his own. In Shouwa Genroku Rakugo Shinjuu: Sukeroku Futatabi-hen, the curtains fall on Yotarou and Yakumo's story, tasked with restoring the near-obsolete art form as well as overcoming their internal conflicts."
86 Part 2,86 Eighty-Six Part 2,https://cdn.myanimelist.net/images/anime/1321/117508.jpg, TV,12, Finished Airing," Oct 3, 2021 to Mar 19, 2022"," Aniplex, Kadokawa, Bandai Spirits", A-1 Pictures,," ActionAction, DramaDrama, Sci-FiSci-Fi", 23 min. per ep., R - 17+ (violence & profanity),,206563,46,#522,"389,037","11,464","The disappearance of the Spearhead Squadron beyond the horizon does little to hide the intensity of the Republic of San Magnolia's endless propaganda. Vladilena Milizé continues to operate as ""Handler One,"" the commander of yet another dehumanized 86th faction's squadron in the continuous war against the Legion. On the Western Front, Shinei Nouzen and his squad are quarantined in a military base controlled by the Federal Republic of Giad, formerly known as the Giadian Empire. The newly-established government grants the saved Eighty-Six full citizenship and freedom. Housed by the president Ernst Zimmerman himself, the group meets his adoptive daughter and the last Empress, Augusta Frederica Adel-Adler. However, within the calm of this tender society, Shinei and his team feel that their purpose is on the battlefield. Before long, they are once again in the midst of the Legion's onslaught as a part of the Federacy's Nordlicht Squadron, accompanied by Augusta Frederica. But, as history repeats itself, they realize that no matter the side, death and pain on the front lines are the only comfort they know."
Shiguang Dailiren,Link Click,https://cdn.myanimelist.net/images/anime/1135/114867.jpg, ONA,11, Finished Airing," Apr 30, 2021 to Jul 9, 2021"," bilibili, BeDream", Studio LAN,," DramaDrama, SupernaturalSupernatural", 23 min. per ep., PG-13 - Teens 13 or older,,91796,37,#802,"267,208","8,531","It is said that a picture is worth a thousand words. In this case, it holds an infinite amount of secrets. These are secrets that only Cheng Xiaoshi and Lu Guang are able to find. In a small shop called ""Time Photo Studio,"" the two friends provide a special service: using their extraordinary powers that let them enter photographs, they jump into pictures brought to them by clients in order to grant their wishes. Through the eyes of the photographer, they live through the events surrounding the picture and try to decipher how to solve their client's request. But every time they jump into a picture, they take a great risk. One wrong move and they could alter the future of the person who took the picture... and possibly countless other events too. So when the events they are forced to live through in these pictures start to become personal, it will take the utmost strength to push their feelings aside and focus on accomplishing the task they were paid to do."
Shingeki no Kyojin: The Final Season,Attack on Titan: The Final Season,https://cdn.myanimelist.net/images/anime/1000/110531.jpg, TV,16, Finished Airing," Dec 7, 2020 to Mar 29, 2021"," Production I.G, Dentsu, Mainichi Broadcasting System, Pony Canyon, Kodansha, Techno Sound, Pony Canyon Enterprise", MAPPA,," ActionAction, DramaDrama", 23 min. per ep., R - 17+ (violence & profanity),,1155042,31,#41,"1,752,501","50,649","Gabi Braun and Falco Grice have been training their entire lives to inherit one of the seven Titans under Marley's control and aid their nation in eradicating the Eldians on Paradis. However, just as all seems well for the two cadets, their peace is suddenly shaken by the arrival of Eren Yeager and the remaining members of the Survey Corps. Having finally reached the Yeager family basement and learned about the dark history surrounding the Titans, the Survey Corps has at long last found the answer they so desperately fought to uncover. With the truth now in their hands, the group set out for the world beyond the walls. In Shingeki no Kyojin: The Final Season, two utterly different worlds collide as each party pursues its own agenda in the long-awaited conclusion to Paradis' fight for freedom."
Cowboy Bebop,,https://cdn.myanimelist.net/images/anime/4/19644.jpg, TV,26, Finished Airing," Apr 3, 1998 to Apr 24, 1999", Bandai Visual, Sunrise,," ActionAction, Sci-FiSci-Fi", 24 min. per ep., R - 17+ (violence & profanity),,882722,39,#43,"1,712,825","75,965","Crime is timeless. By the year 2071, humanity has expanded across the galaxy, filling the surface of other planets with settlements like those on Earth. These new societies are plagued by murder, drug use, and theft, and intergalactic outlaws are hunted by a growing number of tough bounty hunters. Spike Spiegel and Jet Black pursue criminals throughout space to make a humble living. Beneath his goofy and aloof demeanor, Spike is haunted by the weight of his violent past. Meanwhile, Jet manages his own troubled memories while taking care of Spike and the Bebop, their ship. The duo is joined by the beautiful con artist Faye Valentine, odd child Edward Wong Hau Pepelu Tivrusky IV, and Ein, a bioengineered Welsh Corgi. While developing bonds and working to catch a colorful cast of criminals, the Bebop crew's lives are disrupted by a menace from Spike's past. As a rival's maniacal plot continues to unravel, Spike must choose between life with his newfound family or revenge for his old wounds."
Gintama Movie 2: Kanketsu-hen - Yorozuya yo Eien Nare,,https://cdn.myanimelist.net/images/anime/10/51723.jpg, Movie,1, Finished Airing," Jul 6, 2013"," TV Tokyo, Aniplex, Dentsu, Bandai, Warner Bros. Japan, Shueisha", Sunrise,," ActionAction, ComedyComedy, Sci-FiSci-Fi", 1 hr. 50 min., PG-13 - Teens 13 or older,,126519,19,#956,"222,253","2,053","When Gintoki apprehends a movie pirate at a premiere, he checks the camera's footage and finds himself transported to a bleak, post-apocalyptic version of Edo, where a mysterious epidemic called the ""White Plague"" has ravished the world's population. It turns out that the movie pirate wasn't a pirate after all?it was an android time machine, and Gintoki has been hurtled five years into the future! Shinpachi and Kagura, his Yorozuya cohorts, have had a falling out and are now battle-hardened solo vigilantes and he himself has been missing for years, disappearing without a trace after scribbling a strange message in his journal. Setting out in the disguise given to him by the android time machine, Gintoki haphazardly reunites the Yorozuya team to investigate the White Plague, and soon discovers that the key to saving the future lies in the darkness of his own past. Determined to confront a powerful foe, he makes an important discovery?with a ragtag band of friends and allies at his side, he doesn't have to fight alone."
Shingeki no Kyojin: The Final Season Part 2,Attack on Titan: The Final Season Part 2,https://cdn.myanimelist.net/images/anime/1948/120625.jpg, TV,12, Finished Airing," Jan 10, 2022 to Apr 4, 2022"," Production I.G, Dentsu, Mainichi Broadcasting System, Pony Canyon, Kodansha, Pony Canyon Enterprise", MAPPA,," ActionAction, DramaDrama", 23 min. per ep., R - 17+ (violence & profanity),,555003,35,#129,"1,036,045","28,080","Turning against his former allies and enemies alike, Eren Yeager sets a disastrous plan in motion. Under the guidance of the Beast Titan, Zeke, Eren takes extreme measures to end the ancient conflict between Marley and Eldia?but his true intentions remain a mystery. Delving deep into his family's past, Eren fights to control his own destiny. Meanwhile, the long-feuding nations of Marley and Eldia utilize both soldiers and Titans in a brutal race to eliminate the other. Reiner Braun uses his own powers in a desperate bid to hold off Eren's own militaristic force, and his fellow Eldians?children Falco Grice and Gabi Braun?struggle to survive in the unfolding chaos. Elsewhere, Eren's childhood friends Mikasa Ackerman and Armin Arlert remain imprisoned alongside Eren's former Survey Corps companions, all disturbed by Eren's monstrous transformation. Under the blind belief that Eren still secretly harbors good intentions, Mikasa and the others enter the fray in an attempt to save their friend's very soul."
Hajime no Ippo,Fighting Spirit,https://cdn.myanimelist.net/images/anime/4/86334.jpg, TV,75, Finished Airing," Oct 4, 2000 to Mar 27, 2002", VAP, Madhouse,,SportsSports, 23 min. per ep., PG-13 - Teens 13 or older,,253003,40,#374,"519,473","18,981","In his father's absence, teenager Ippo Makunouchi works hard to help his mother run her fishing boat rental business. Ippo's timid nature, his lack of sleep, and the sea smell make him an easy target for relentless bullies who leave him bruised and beaten on a daily basis. Mamoru Takamura, an up-and-coming boxer, rescues Ippo from a violent after-school incident and takes him back to the Kamogawa Boxing Gym for recovery. Takamura and his fellow boxers, Masaru Aoki and Tatsuya Kimura, are stunned by Ippo's powerful punches?a result of strong muscles developed through years serving his physically taxing family business. Following brief training under Takamura, Ippo impresses the other boxers in a practice match against prodigy Ichirou Miyata. He gains a rival in Miyata and a coach in Genji Kamogawa, the gym owner and a former boxer himself. As Ippo takes the first steps in his official boxing career, he faces off against a series of challenging opponents, each more powerful than the last. Victory, loss, and a cycle of dedicated training await Ippo on his journey to achieve greatness. With his tough body and unstoppable fighting spirit, the kind young man seeks to take on the world."
Odd Taxi,,https://cdn.myanimelist.net/images/anime/1981/113348.jpg, TV,13, Finished Airing," Apr 6, 2021 to Jun 29, 2021"," TV Tokyo, Dentsu, Pony Canyon, AT-X, Crunchyroll, Pony Canyon Enterprise, Yoshimoto Kogyo"," OLM, P.I.C.S.",," Award WinningAward Winning, MysteryMystery", 23 min. per ep., PG-13 - Teens 13 or older,,177301,49,#568,"361,470","7,263","Eccentric and blunt, the walrus Hiroshi Odokawa lives a relatively normal life. He drives a taxi for a living, and there he meets several unique individuals: the jobless Taichi Kabasawa who is dead-set on going viral, the mysterious nurse Miho Shirakawa, the struggling comedic duo ""Homo Sapiens,"" and Dobu, a well-known delinquent. But Odokawa's simple way of life is about to be turned upside down. The case of a missing girl the police have been tracking leads back to him, and now both the yakuza and a duo of corrupt cops are on his tail."
Gintama.,Gintama Season 5,https://cdn.myanimelist.net/images/anime/3/83528.jpg, TV,12, Finished Airing," Jan 9, 2017 to Mar 27, 2017"," TV Tokyo, Aniplex, Dentsu, Shueisha", Bandai Namco Pictures,," ActionAction, ComedyComedy, Sci-FiSci-Fi", 24 min. per ep., PG-13 - Teens 13 or older,,133780,13,#744,"287,187","2,594","After joining the resistance against the bakufu, Gintoki and the gang are in hiding, along with Katsura and his Joui rebels. The Yorozuya is soon approached by Nobume Imai and two members of the Kiheitai, who explain that the Harusame pirates have turned against 7th Division Captain Kamui and their former ally Takasugi. The Kiheitai present Gintoki with a job: find Takasugi, who has been missing since his ship was ambushed in a Harusame raid. Nobume also makes a stunning revelation regarding the Tendoushuu, a secret organization pulling the strings of numerous factions, and their leader Utsuro, the shadowy figure with an uncanny resemblance to Gintoki's former teacher. Hitching a ride on Sakamoto's space ship, the Yorozuya and Katsura set out for Rakuyou, Kagura's home planet, where the various factions have gathered and tensions are brewing. Long-held grudges, political infighting, and the Tendoushuu's sinister overarching plan finally culminate into a massive, decisive battle on Rakuyou."
Gintama': Enchousen,Gintama: Enchousen,https://cdn.myanimelist.net/images/anime/1452/123686.jpg, TV,13, Finished Airing," Oct 4, 2012 to Mar 28, 2013"," TV Tokyo, Aniplex, Dentsu, Shueisha, Miracle Bus", Sunrise,," ActionAction, ComedyComedy, Sci-FiSci-Fi", 24 min. per ep., PG-13 - Teens 13 or older,,153278,11,#710,"299,299","2,917","While Gintoki Sakata was away, the Yorozuya found themselves a new leader: Kintoki, Gintoki's golden-haired doppelganger. In order to regain his former position, Gintoki will need the help of those around him, a troubling feat when no one can remember him! Between Kintoki and Gintoki, who will claim the throne as the main character? In addition, Yorozuya make a trip back down to red-light district of Yoshiwara to aid an elderly courtesan in her search for her long-lost lover. Although the district is no longer in chains beneath the earth's surface, the trio soon learn of the tragic backstories of Yoshiwara's inhabitants that still haunt them. With flashback after flashback, this quest has Yorozuya witnessing everlasting love and protecting it as best they can with their hearts and souls."
Mob Psycho 100 III,,https://cdn.myanimelist.net/images/anime/1228/125011.jpg, TV,12, Finished Airing," Oct 6, 2022 to Dec 22, 2022"," Shogakukan-Shueisha Productions, Warner Bros. Japan, KlockWorx, BS Fuji, Hakuhodo DY Music & Pictures, Shogakukan", Bones,," ActionAction, ComedyComedy, SupernaturalSupernatural", 23 min. per ep., PG-13 - Teens 13 or older,,165379,41,#408,"476,390","6,990","After foiling a world-threatening plot, Shigeo ""Mob"" Kageyama returns to tackle the more exhausting aspects of his mundane life?starting with filling out his school's nerve-racking career form. Meanwhile, he continues to assist his mentor Arataka Reigen and the office's new recruit, Katsuya Serizawa, in solving paranormal cases of their clients. While continuing his duties, Mob also works on gaining more independence in his esper and human lives, as well as trying to integrate better with the people around him. However, new supernatural and ordinary challenges test Mob?s emotional stability and force him to confront the realities around him. As he strives to continue forward on the path to maturity, Mob must resolve his emotional crises and reassess the naivety he has held on for so long."
Rurouni Kenshin: Meiji Kenkaku Romantan - Tsuioku-hen,Samurai X: Trust and Betrayal,https://cdn.myanimelist.net/images/anime/1391/120839.jpg, OVA,4, Finished Airing," Feb 20, 1999 to Sep 22, 1999", Aniplex, Studio Deen,," ActionAction, DramaDrama, RomanceRomance", 30 min. per ep., R - 17+ (violence & profanity),,132311,50,#808,"264,416","6,046","When mankind's savagery surpasses his fear of death, there is little hope for those who wish to live honest lives. Beneath a full moon, a young boy witnesses the murder of the bandits who had enslaved him, and is then christened with a new name by the man who rescued him. This boy is Shinta, now known as Kenshin Himura, and he is destined to become a swordsman. The softness of his heart does not befit the occupation, but his desire to protect the innocent is absolute. Rurouni Kenshin: Meiji Kenkaku Romantan - Tsuioku-hen details the origins of the man who would bear the name of Hitokiri Battousai long before he swore his oath not to kill and before he earned his reputation as an assassin. The young man's heart is divided between justice and corruption, while the fate of a nation rests on his actions."
Mushoku Tensei: Isekai Ittara Honki Dasu Part 2,Mushoku Tensei: Jobless Reincarnation Part 2,https://cdn.myanimelist.net/images/anime/1028/117777.jpg, TV,12, Finished Airing," Oct 4, 2021 to Dec 20, 2021"," Frontier Works, TOHO animation, Tokyo MX, Hakuhodo DY Music & Pictures, BS11, Egg Firm, Kadokawa, GREE Entertainment", Studio Bind,," DramaDrama, FantasyFantasy, EcchiEcchi", 23 min. per ep., R - 17+ (violence & profanity),,430110,48,#238,"718,254","16,112","After the mysterious mana calamity, Rudeus Greyrat and his fierce student Eris Boreas Greyrat are teleported to the Demon Continent. There, they team up with their newfound companion Ruijerd Supardia?the former leader of the Superd's Warrior group?to form ""Dead End,"" a successful adventurer party. Making a name for themselves, the trio journeys across the continent to make their way back home to Fittoa. Following the advice he received from the faceless god Hitogami, Rudeus saves Kishirika Kishirisu, the Great Emperor of the Demon World, who rewards him by granting him a strange power. Now, as Rudeus masters the powerful ability that offers a number of new opportunities, it might prove to be more than what he bargained for when unexpected dangers threaten to hinder their travels."
3-gatsu no Lion 2nd Season,March Comes In Like A Lion 2nd Season,https://cdn.myanimelist.net/images/anime/3/88469.jpg, TV,22, Finished Airing," Oct 14, 2017 to Mar 31, 2018"," Aniplex, Dentsu, NHK, Hakusensha, Asmik Ace, Toy's Factory", Shaft,," DramaDrama, Slice of LifeSlice of Life", 25 min. per ep., PG-13 - Teens 13 or older,,185410,15,#547,"371,786","14,615","Now in his second year of high school, Rei Kiriyama continues pushing through his struggles in the professional shogi world as well as his personal life. Surrounded by vibrant personalities at the shogi hall, the school club, and in the local community, his solitary shell slowly begins to crack. Among them are the three Kawamoto sisters?Akari, Hinata, and Momo?who forge an affectionate and familial bond with Rei. Through these ties, he realizes that everyone is burdened by their own emotional hardships and begins learning how to rely on others while supporting them in return. Nonetheless, the life of a professional is not easy. Between tournaments, championships, and title matches, the pressure mounts as Rei advances through the ranks and encounters incredibly skilled opponents. As he manages his relationships with those who have grown close to him, the shogi player continues to search for the reason he plays the game that defines his career."
Kaguya-sama wa Kokurasetai: Ultra Romantic,Kaguya-sama: Love is War - Ultra Romantic,https://cdn.myanimelist.net/images/anime/1160/122627.jpg, TV,13, Finished Airing," Apr 9, 2022 to Jun 25, 2022"," Aniplex, Mainichi Broadcasting System, Magic Capsule, Shueisha, JR East Marketing & Communications", A-1 Pictures,," ComedyComedy, RomanceRomance", 23 min. per ep., PG-13 - Teens 13 or older,,392457,3,#231,"738,858","26,584","The elite members of Shuchiin Academy's student council continue their competitive day-to-day antics. Council president Miyuki Shirogane clashes daily against vice-president Kaguya Shinomiya, each fighting tooth and nail to trick the other into confessing their romantic love. Kaguya struggles within the strict confines of her wealthy, uptight family, rebelling against her cold default demeanor as she warms to Shirogane and the rest of her friends. Meanwhile, council treasurer Yuu Ishigami suffers under the weight of his hopeless crush on Tsubame Koyasu, a popular upperclassman who helps to instill a new confidence in him. Miko Iino, the newest student council member, grows closer to the rule-breaking Ishigami while striving to overcome her own authoritarian moral code. As love further blooms at Shuchiin Academy, the student council officers drag their outsider friends into increasingly comedic conflicts."
Clannad: After Story,,https://cdn.myanimelist.net/images/anime/1299/110774.jpg, TV,24, Finished Airing," Oct 3, 2008 to Mar 27, 2009"," Pony Canyon, TBS, Rakuonsha, Animation Do", Kyoto Animation,," DramaDrama, RomanceRomance, SupernaturalSupernatural", 24 min. per ep., PG-13 - Teens 13 or older,,627634,16,#108,"1,123,470","68,002","Clannad: After Story, the sequel to the critically acclaimed slice-of-life series Clannad, begins after Tomoya Okazaki and Nagisa Furukawa graduate from high school. Together, they experience the emotional rollercoaster of growing up. Unable to decide on a course for his future, Tomoya learns the value of a strong work ethic and discovers the strength of Nagisa's support. Through the couple's dedication and unity of purpose, they push forward to confront their personal problems, deepen their old relationships, and create new bonds. Time also moves on in the Illusionary World. As the plains grow cold with the approach of winter, the Illusionary Girl and the Garbage Doll are presented with a difficult situation that reveals the World's true purpose. Based on the visual novel by Key and produced by Kyoto Animation, Clannad: After Story is an impactful drama highlighting the importance of family and the struggles of adulthood."
Gintama: The Final,Gintama: The Very Final,https://cdn.myanimelist.net/images/anime/1988/113791.jpg, Movie,1, Finished Airing," Jan 8, 2021"," TV Tokyo, Warner Bros. Japan", Bandai Namco Pictures,," ActionAction, ComedyComedy, DramaDrama, Sci-FiSci-Fi", 1 hr. 44 min., PG-13 - Teens 13 or older,,58411,7,#1601,"122,099","3,927","Two years have passed following the Tendoshuu's invasion of the O-Edo Central Terminal. Since then, the Yorozuya have gone their separate ways. Foreseeing Utsuro's return, Gintoki Sakata begins surveying Earth's ley lines for traces of the other man's Altana. After an encounter with the remnants of the Tendoshuu?who continue to press on in search of immortality?Gintoki returns to Edo. Later, the regrouped Shinsengumi and Yorozuya begin an attack on the occupied Central Terminal. With the Altana harvested by the wreckage of the Tendoshuu's ship in danger of detonating, the Yorozuya and their allies fight their enemies while the safety of Edo?and the rest of the world?hangs in the balance. Fulfilling the wishes of their teacher, Shouyou Yoshida's former students unite and relive their pasts one final time in an attempt to save their futures."
Kimi no Na wa.,Your Name.,https://cdn.myanimelist.net/images/anime/5/87048.jpg, Movie,1, Finished Airing," Aug 26, 2016"," Toho, Sound Team Don Juan, Amuse, JR East Marketing & Communications, Kadokawa, voque ting", CoMix Wave Films,," Award WinningAward Winning, DramaDrama, SupernaturalSupernatural", 1 hr. 46 min., PG-13 - Teens 13 or older,,1745348,26,#11,"2,505,455","84,947","Mitsuha Miyamizu, a high school girl, yearns to live the life of a boy in the bustling city of Tokyo?a dream that stands in stark contrast to her present life in the countryside. Meanwhile in the city, Taki Tachibana lives a busy life as a high school student while juggling his part-time job and hopes for a future in architecture. One day, Mitsuha awakens in a room that is not her own and suddenly finds herself living the dream life in Tokyo?but in Taki's body! Elsewhere, Taki finds himself living Mitsuha's life in the humble countryside. In pursuit of an answer to this strange phenomenon, they begin to search for one another. Kimi no Na wa. revolves around Mitsuha and Taki's actions, which begin to have a dramatic impact on each other's lives, weaving them into a fabric held together by fate and circumstance."
Kingdom 3rd Season,Kingdom: Season 3,https://cdn.myanimelist.net/images/anime/1443/111830.jpg, TV,26, Finished Airing," Apr 6, 2020 to Oct 17, 2021", Shueisha," Pierrot, Studio Signpost",,ActionAction, 25 min. per ep., R - 17+ (violence & profanity),,31043,29,#2077,"84,557","1,694","Following the successful Sanyou campaign, the Qin army, including 1,000-Man Commander Xin, inches ever closer to fulfilling King Ying Zheng's dream of unifying China. With a major geographical foothold in the state of Wei now under its control, Qin sets its sights eastward toward the remaining warring states. Meanwhile Li Mu?an unparalleled strategist and the newly appointed prime minister of the state of Zhao?has taken advantage of Zhao's temporary truce with Qin to negotiate with the other states without interruption. Seemingly without warning, Ying Zheng receives news that armies from the states of Chu, Zhao, Wei, Han, Yan, and Qi have crossed into Qin territory. Realizing too late the purpose behind Li Mu's truce with Qin, Zheng quickly gathers his advisors to devise a plan to address the six-state coalition army on their doorstep. For the first time in history, the state of Qin faces complete destruction and must use every resource and strategy at their disposal to prevent themselves from being wiped off the map."
Mob Psycho 100 II,,https://cdn.myanimelist.net/images/anime/1918/96303.jpg, TV,13, Finished Airing," Jan 7, 2019 to Apr 1, 2019"," Warner Bros. Japan, KlockWorx, BS Fuji, Hakuhodo DY Music & Pictures, Shogakukan", Bones,," ActionAction, ComedyComedy, SupernaturalSupernatural", 24 min. per ep., PG-13 - Teens 13 or older,,859141,30,#77,"1,367,380","30,993","Shigeo ""Mob"" Kageyama is now maturing and understanding his role as a supernatural psychic that has the power to drastically affect the livelihood of others. He and his mentor Reigen Arataka continue to deal with supernatural requests from clients, whether it be exorcizing evil spirits or tackling urban legends that haunt the citizens. While the workflow remains the same, Mob isn't just blindly following Reigen around anymore. With all his experiences as a ridiculously strong psychic, Mob's supernatural adventures now have more weight to them. Things take on a serious and darker tone as the dangers Mob and Reigen face are much more tangible and unsettling than ever before."
Bocchi the Rock!,,https://cdn.myanimelist.net/images/anime/1448/127956.jpg, TV,12, Finished Airing," Oct 9, 2022 to Dec 25, 2022"," Aniplex, Houbunsha", CloverWorks,,ComedyComedy, 23 min. per ep., PG-13 - Teens 13 or older,,133406,14,#819,"261,117","11,851","Yearning to make friends and perform live with a band, lonely and socially anxious Hitori ""Bocchi"" Gotou devotes her time to playing the guitar. On a fateful day, Bocchi meets the outgoing drummer Nijika Ijichi, who invites her to join Kessoku Band when their guitarist, Ikuyo Kita, flees before their first show. Soon after, Bocchi meets her final bandmate?the cool bassist Ryou Yamada. Although their first performance together is subpar, the girls feel empowered by their shared love for music, and they are soon rejoined by Kita. Finding happiness in performing, Bocchi and her bandmates put their hearts into improving as musicians while making the most of their fleeting high school days."
Owarimonogatari 2nd Season,Owarimonogatari Second Season,https://cdn.myanimelist.net/images/anime/6/87322.jpg, TV,7, Finished Airing," Aug 12, 2017 to Aug 13, 2017"," Aniplex, Kodansha", Shaft,," ComedyComedy, MysteryMystery, SupernaturalSupernatural", 22 min. per ep., R - 17+ (violence & profanity),,177841,22,#551,"368,628","8,287","Following an encounter with oddity specialist Izuko Gaen, third-year high school student Koyomi Araragi wakes up in a strange, deserted void only to be greeted by a joyfully familiar face in an alarmingly unfamiliar place. Araragi, with the help of his girlfriend Hitagi Senjougahara, maneuvers through the webs of his past and the perplexities of the present in search of answers. However, fate once again delivers him to the eccentric transfer student Ougi Oshino, who brings forth an unexpected proposal that may unearth the very foundation to which he is anchored. As Araragi peels back the layers of mystery surrounding an apparition, he discovers a truth not meant to be revealed."
Haikyuu!! Karasuno Koukou vs. Shiratorizawa Gakuen Koukou,Haikyu!! 3rd Season,https://cdn.myanimelist.net/images/anime/7/81992.jpg, TV,10, Finished Airing," Oct 8, 2016 to Dec 10, 2016"," Dentsu, Mainichi Broadcasting System, Movic, Sony Music Entertainment, TOHO animation, Shueisha", Production I.G,,SportsSports, 24 min. per ep., PG-13 - Teens 13 or older,,734184,33,#113,"1,104,461","14,963","After the victory against Aoba Jousai High, Karasuno High School, once called ?a fallen powerhouse, a crow that can?t fly,? has finally reached the climax of the heated Spring tournament. Now, to advance to nationals, the Karasuno team has to defeat the powerhouse Shiratorizawa Academy. Karasuno?s greatest hurdle is their adversary?s ace, Wakatoshi Ushijima, the number one player in the Miyagi Prefecture, and one of the country?s top three aces. Only the strongest team will make it to the national tournament. Since this match is the third-year players? last chance to qualify for nationals, Karasuno has to use everything they learned during the training camp and prior matches to attain victory. Filled with restlessness and excitement, both teams are determined to come out on top in the third season of Haikyuu!!."
Shingeki no Kyojin Season 3 Part 2,Attack on Titan Season 3 Part 2,https://cdn.myanimelist.net/images/anime/1517/100633.jpg, TV,10, Finished Airing," Apr 29, 2019 to Jul 1, 2019"," Production I.G, Dentsu, Mainichi Broadcasting System, Pony Canyon, Kodansha, Techno Sound, Pony Canyon Enterprise", Wit Studio,," ActionAction, DramaDrama", 23 min. per ep., R - 17+ (violence & profanity),,1404982,6,#27,"2,004,073","53,656","Seeking to restore humanity's diminishing hope, the Survey Corps embark on a mission to retake Wall Maria, where the battle against the merciless ""Titans"" takes the stage once again. Returning to the tattered Shiganshina District that was once his home, Eren Yeager and the Corps find the town oddly unoccupied by Titans. Even after the outer gate is plugged, they strangely encounter no opposition. The mission progresses smoothly until Armin Arlert, highly suspicious of the enemy's absence, discovers distressing signs of a potential scheme against them. Shingeki no Kyojin Season 3 Part 2 follows Eren as he vows to take back everything that was once his. Alongside him, the Survey Corps strive?through countless sacrifices?to carve a path towards victory and uncover the secrets locked away in the Yeager family's basement."
Fullmetal Alchemist: Brotherhood,,https://cdn.myanimelist.net/images/anime/1208/94745.jpg, TV,64, Finished Airing," Apr 5, 2009 to Jul 4, 2010"," Aniplex, Square Enix, Mainichi Broadcasting System, Studio Moriken", Bones,," ActionAction, AdventureAdventure, DramaDrama, FantasyFantasy", 24 min. per ep., R - 17+ (violence & profanity),,1951979,2,#3,"3,068,756","212,276","After a horrific alchemy experiment goes wrong in the Elric household, brothers Edward and Alphonse are left in a catastrophic new reality. Ignoring the alchemical principle banning human transmutation, the boys attempted to bring their recently deceased mother back to life. Instead, they suffered brutal personal loss: Alphonse's body disintegrated while Edward lost a leg and then sacrificed an arm to keep Alphonse's soul in the physical realm by binding it to a hulking suit of armor. The brothers are rescued by their neighbor Pinako Rockbell and her granddaughter Winry. Known as a bio-mechanical engineering prodigy, Winry creates prosthetic limbs for Edward by utilizing ""automail,"" a tough, versatile metal used in robots and combat armor. After years of training, the Elric brothers set off on a quest to restore their bodies by locating the Philosopher's Stone?a powerful gem that allows an alchemist to defy the traditional laws of Equivalent Exchange. As Edward becomes an infamous alchemist and gains the nickname ""Fullmetal,"" the boys' journey embroils them in a growing conspiracy that threatens the fate of the world."
Ashita no Joe 2,Tomorrow's Joe 2,https://cdn.myanimelist.net/images/anime/3/45028.jpg, TV,47, Finished Airing," Oct 13, 1980 to Aug 31, 1981", Annapuru, Tokyo Movie Shinsha,," DramaDrama, SportsSports", 24 min. per ep., PG-13 - Teens 13 or older,,17692,47,#2957,"45,475","2,319","Yabuki Joe is left downhearted and hopeless after a certain tragic event. In attempt to put the past behind him, Joe leaves the gym behind and begins wandering. On his travels he comes across the likes of Wolf Kanagushi and Goromaki Gondo, men who unintentionally fan the dying embers inside him, leading him to putting his wanderings to an end. His return home puts Joe back on the path to boxing, but unknown to himself and his trainer, he now suffers deep-set issues holding him back from fighting. In attempt to quell those issues, Carlos Rivera, a world renowned boxer is invited from Venez"
Kizumonogatari III: Reiketsu-hen,Kizumonogatari Part 3: Cold-Blooded,https://cdn.myanimelist.net/images/anime/1084/112813.jpg, Movie,1, Finished Airing," Jan 6, 2017"," Aniplex, Kodansha", Shaft,," ActionAction, MysteryMystery, SupernaturalSupernatural", 1 hr. 23 min., R - 17+ (violence & profanity),,247653,32,#467,"426,770","7,078","After helping revive the legendary vampire Kiss-shot Acerola-orion Heart-under-blade, Koyomi Araragi has become a vampire himself and her servant. Kiss-shot is certain she can turn him back into a human, but only once regaining her full power. Araragi has hunted down the three vampire hunters that defeated Kiss-shot and retrieved her limbs to return her to full strength. However, now that Araragi has almost accomplished what he?s been fighting for this whole time, he has to consider if this is what he really wants. Once he revives this powerful immortal vampire, there is no telling what she might do, and there would be no way of stopping her. But there is more to the story that Araragi doesn?t understand. If a newborn vampire like him could defeat the hunters, how did they overpower Kiss-shot? Can he trust her to turn him back to a human? And how is that even possible in the first place? Araragi is at his limit but he must come to a decision, and it may not be possible to resolve this situation without doing something he?ll regret?"
Gintama',Gintama Season 2,https://cdn.myanimelist.net/images/anime/4/50361.jpg, TV,51, Finished Airing," Apr 4, 2011 to Mar 26, 2012"," TV Tokyo, Aniplex, Dentsu, Trinity Sound, Miracle Robo, Studio Jack, Shueisha", Sunrise,," ActionAction, ComedyComedy, Sci-FiSci-Fi", 24 min. per ep., PG-13 - Teens 13 or older,,219387,8,#384,"505,853","7,503","After a one-year hiatus, Shinpachi Shimura returns to Edo, only to stumble upon a shocking surprise: Gintoki and Kagura, his fellow Yorozuya members, have become completely different characters! Fleeing from the Yorozuya headquarters in confusion, Shinpachi finds that all the denizens of Edo have undergone impossibly extreme changes, in both appearance and personality. Most unbelievably, his sister Otae has married the Shinsengumi chief and shameless stalker Isao Kondou and is pregnant with their first child. Bewildered, Shinpachi agrees to join the Shinsengumi at Otae and Kondou's request and finds even more startling transformations afoot both in and out of the ranks of the the organization. However, discovering that Vice Chief Toushirou Hijikata has remained unchanged, Shinpachi and his unlikely Shinsengumi ally set out to return the city of Edo to how they remember it. With even more dirty jokes, tongue-in-cheek parodies, and shameless references, Gintama' follows the Yorozuya team through more of their misadventures in the vibrant, alien-filled world of Edo."
Vinland Saga,,https://cdn.myanimelist.net/images/anime/1500/103005.jpg, TV,24, Finished Airing," Jul 8, 2019 to Dec 30, 2019"," Production I.G, Dentsu, Kodansha, Twin Engine", Wit Studio,," ActionAction, AdventureAdventure, DramaDrama", 24 min. per ep., R - 17+ (violence & profanity),,692770,44,#90,"1,249,681","37,990","Young Thorfinn grew up listening to the stories of old sailors that had traveled the ocean and reached the place of legend, Vinland. It's said to be warm and fertile, a place where there would be no need for fighting?not at all like the frozen village in Iceland where he was born, and certainly not like his current life as a mercenary. War is his home now. Though his father once told him, ""You have no enemies, nobody does. There is nobody who it's okay to hurt,"" as he grew, Thorfinn knew that nothing was further from the truth. The war between England and the Danes grows worse with each passing year. Death has become commonplace, and the viking mercenaries are loving every moment of it. Allying with either side will cause a massive swing in the balance of power, and the vikings are happy to make names for themselves and take any spoils they earn along the way. Among the chaos, Thorfinn must take his revenge and kill Askeladd, the man who murdered his father. The only paradise for the vikings, it seems, is the era of war and death that rages on."
Violet Evergarden Movie,Violet Evergarden the Movie,https://cdn.myanimelist.net/images/anime/1825/110716.jpg, Movie,1, Finished Airing," Sep 18, 2020"," Shochiku, ABC Animation", Kyoto Animation,," Award WinningAward Winning, DramaDrama, FantasyFantasy", 2 hr. 20 min., PG-13 - Teens 13 or older,,216736,20,#383,"508,570","7,730","Several years have passed since the end of The Great War. As the radio tower in Leidenschaftlich continues to be built, telephones will soon become more relevant, leading to a decline in demand for ""Auto Memory Dolls."" Even so, Violet Evergarden continues to rise in fame after her constant success with writing letters. However, sometimes the one thing you long for is the one thing that does not appear. Violet Evergarden Movie follows Violet as she continues to comprehend the concept of emotion and the meaning of love. At the same time, she pursues a glimmer of hope that the man who once told her, ""I love you,"" may still be alive even after the many years that have passed."
Kimetsu no Yaiba: Yuukaku-hen,Demon Slayer: Kimetsu no Yaiba Entertainment District Arc,https://cdn.myanimelist.net/images/anime/1908/120036.jpg, TV,11, Finished Airing," Dec 5, 2021 to Feb 13, 2022"," Aniplex, Shueisha", ufotable,," ActionAction, FantasyFantasy", 26 min. per ep., R - 17+ (violence & profanity),,674060,27,#111,"1,110,811","22,338","The devastation of the Mugen Train incident still weighs heavily on the members of the Demon Slayer Corps. Despite being given time to recover, life must go on, as the wicked never sleep: a vicious demon is terrorizing the alluring women of the Yoshiwara Entertainment District. The Sound Pillar, Tengen Uzui, and his three wives are on the case. However, when he soon loses contact with his spouses, Tengen fears the worst and enlists the help of Tanjirou Kamado, Zenitsu Agatsuma, and Inosuke Hashibira to infiltrate the district's most prominent houses and locate the depraved Upper Rank demon."
Gintama°,Gintama Season 4,https://cdn.myanimelist.net/images/anime/3/72078.jpg, TV,51, Finished Airing," Apr 8, 2015 to Mar 30, 2016"," TV Tokyo, Aniplex, Dentsu", Bandai Namco Pictures,," ActionAction, ComedyComedy, Sci-FiSci-Fi", 24 min. per ep., PG-13 - Teens 13 or older,,229698,5,#338,"573,122","15,429","Gintoki, Shinpachi, and Kagura return as the fun-loving but broke members of the Yorozuya team! Living in an alternate-reality Edo, where swords are prohibited and alien overlords have conquered Japan, they try to thrive on doing whatever work they can get their hands on. However, Shinpachi and Kagura still haven't been paid... Does Gin-chan really spend all that cash playing pachinko? Meanwhile, when Gintoki drunkenly staggers home one night, an alien spaceship crashes nearby. A fatally injured crew member emerges from the ship and gives Gintoki a strange, clock-shaped device, warning him that it is incredibly powerful and must be safeguarded. Mistaking it for his alarm clock, Gintoki proceeds to smash the device the next morning and suddenly discovers that the world outside his apartment has come to a standstill. With Kagura and Shinpachi at his side, he sets off to get the device fixed; though, as usual, nothing is ever that simple for the Yorozuya team. Filled with tongue-in-cheek humor and moments of heartfelt emotion, Gintama's fourth season finds Gintoki and his friends facing both their most hilarious misadventures and most dangerous crises yet."
Vinland Saga Season 2,,https://cdn.myanimelist.net/images/anime/1170/124312.jpg, TV,24, Currently Airing," Jan 10, 2023 to ?"," Dentsu, Kodansha, Twin Engine", MAPPA,," ActionAction, AdventureAdventure, DramaDrama", 25 min. per ep., R - 17+ (violence & profanity),,15171,24,#822,"260,363","2,436","A new millennium begins in the southern part of the Jutland peninsula in Denmark. Thorfin was bought by the landowner Ketil as a ""slave"" and engaged in land reclamation work on his farm. Thorfinn meets a young man there, Einar, who was also a slave like him. The encounter of Einar led Thorfinn to face the sins he had committed and began to find meaning in life. On the other hand, Canute, who became the King of England, attempted to extend his territory for the establishment of ""the promised land."" This is ""The Story of a True Warrior (Saga)."" ""The story of Atonement and Salvation (Saga)"" that lies beyond the prologue. (Source: "
